actor,show_name
Al Pacino,Knox Goes Away
Al Pacino,Sniff
Al Pacino,Billy Knight
Al Pacino,King Lear
Al Pacino,Brad Pitt: More Than a Pretty Face
Al Pacino,Becoming Al Pacino
Al Pacino,House of Gucci
Al Pacino,Val
Al Pacino,American Traitor: The Trial of Axis Sally
Al Pacino,Making 'The Irishman'
Al Pacino,Al Pacino: The Reluctant Star
Al Pacino,Hunters
Al Pacino,The Collaboration Of A Lifetime: Scorsese’s Epic The Irishman
Al Pacino,The Irishman: In Conversation
Al Pacino,The Irishman
Al Pacino,Once Upon a Time… in Hollywood
Al Pacino,Paterno
Al Pacino,Hangman
Al Pacino,The Pirates of Somalia
Al Pacino,Frank Serpico
Al Pacino,Julian Schnabel: A Private Portrait
Al Pacino,Misconduct
Al Pacino,Manglehorn
Al Pacino,Danny Collins
Al Pacino,The Humbling
Al Pacino,Marlon Brando: An Actor Named Desire
Al Pacino,Cruising Electric (1980)
Al Pacino,Wilde Salomé
Al Pacino,We're No Animals
Al Pacino,Salomé
Al Pacino,Phil Spector
Al Pacino,Stand Up Guys
Al Pacino,Casting By
Al Pacino,The Godfather Legacy
Al Pacino,Jack and Jill
Al Pacino,The Son of No One
Al Pacino,You Don't Know Jack
Al Pacino,I Knew It Was You: Rediscovering John Cazale
Al Pacino,Righteous Kill
Al Pacino,Ocean's Thirteen
Al Pacino,Brando: The Documentary
Al Pacino,Brando
Al Pacino,88 Minutes
Al Pacino,The Godfather and the Mob
Al Pacino,Eugene O’Neill: A Documentary Film
Al Pacino,The Making of 'Dog Day Afternoon'
Al Pacino,Two for the Money
Al Pacino,Babbleonia
Al Pacino,The Making of 'Heat'
Al Pacino,Pacino and De Niro: The Conversation
Al Pacino,The Merchant of Venice
Al Pacino,Angels in America
Al Pacino,Gigli
Al Pacino,Celebrities Uncensored
Al Pacino,The Recruit
Al Pacino,People I Know
Al Pacino,S1m0ne
Al Pacino,The Kid Stays in the Picture
Al Pacino,Insomnia
Al Pacino,Ultimate Fights from the Movies
Al Pacino,America: A Tribute to Heroes
Al Pacino,Chinese Coffee
Al Pacino,Any Given Sunday
Al Pacino,The Insider
Al Pacino,The Making of 'Scarface'
Al Pacino,The Devil's Advocate
Al Pacino,Pitch
Al Pacino,Leute heute
Al Pacino,Lee Strasberg: The Method Man
Al Pacino,Donnie Brasco
Al Pacino,Looking for Richard
Al Pacino,City Hall
Al Pacino,Heat
Al Pacino,Two Bits
Al Pacino,Inside the Actors Studio
Al Pacino,Jonas in the Desert
Al Pacino,Carlito's Way
Al Pacino,Late Show with David Letterman
Al Pacino,Scent of a Woman
Al Pacino,The Godfather Trilogy: 1901-1980
Al Pacino,Glengarry Glen Ross
Al Pacino,Frankie and Johnny
Al Pacino,Charlie Rose
Al Pacino,Madonna: Truth or Dare
Al Pacino,The Godfather Part III
Al Pacino,'The Godfather' Family: A Look Inside
Al Pacino,"Dick Tracy: Behind the Badge, Behind the Scenes"
Al Pacino,Dick Tracy
Al Pacino,The Local Stigmatic
Al Pacino,Sea of Love
Al Pacino,Revolution
Al Pacino,Scarface
Al Pacino,Author! Author!
Al Pacino,Night of 100 Stars
Al Pacino,Cruising
Al Pacino,...And Justice for All
Al Pacino,Mario Puzo's The Godfather: The Complete Novel for Television
Al Pacino,The Godfather 1901–1959: The Complete Epic
Al Pacino,Bobby Deerfield
Al Pacino,Dog Day Afternoon
Al Pacino,The Godfather Part II
Al Pacino,Serpico
Al Pacino,Scarecrow
Al Pacino,The Godfather
Al Pacino,The Panic in Needle Park
Al Pacino,"Me, Natalie"
Al Pacino,60 Minutes
Al Pacino,N.Y.P.D.
Al Pacino,Goldene Kamera Verleihung
Al Pacino,Tony Awards
Al Pacino,The Oscars
Al Pacino,The Emmy Awards
Carmine Caridi,Abby's
Carmine Caridi,Rivers 9
Carmine Caridi,Nobody Knows Anything!
Carmine Caridi,Curb Your Enthusiasm
Carmine Caridi,Money Play$
Carmine Caridi,The Good Bad Guy
Carmine Caridi,Top Dog
Carmine Caridi,NYPD Blue
Carmine Caridi,The Hat Squad
Carmine Caridi,Ruby
Carmine Caridi,Bugsy
Carmine Caridi,Femme Fatale
Carmine Caridi,The Godfather Part III
Carmine Caridi,Havana
Carmine Caridi,Booker
Carmine Caridi,Split Decisions
Carmine Caridi,Meet the Munceys
Carmine Caridi,Jake and the Fatman
Carmine Caridi,21 Jump Street
Carmine Caridi,Some Kind of Wonderful
Carmine Caridi,Blood Vows: The Story of a Mafia Wife
Carmine Caridi,The Money Pit
Carmine Caridi,The Hogan Family
Carmine Caridi,Summer Rental
Carmine Caridi,Brewster's Millions
Carmine Caridi,Tales from the Darkside
Carmine Caridi,Hunter
Carmine Caridi,Brothers
Carmine Caridi,Night Court
Carmine Caridi,Cassie & Co.
Carmine Caridi,Fame
Carmine Caridi,Simon & Simon
Carmine Caridi,Code Red
Carmine Caridi,Prince of the City
Carmine Caridi,Hill Street Blues
Carmine Caridi,Children of Divorce
Carmine Caridi,KISS Meets the Phantom of the Park
Carmine Caridi,Sword of Justice
Carmine Caridi,The Eddie Capra Mysteries
Carmine Caridi,The Cheap Detective
Carmine Caridi,Tabitha
Carmine Caridi,Car Wash
Carmine Caridi,"Quincy, M.E."
Carmine Caridi,Alice
Carmine Caridi,Starsky & Hutch
Carmine Caridi,Delancey Street: The Crisis Within
Carmine Caridi,The Godfather Part II
Carmine Caridi,The Gambler
Carmine Caridi,The Rockford Files
Carmine Caridi,Rhoda
Carmine Caridi,Crazy Joe
Carmine Caridi,Kojak
Carmine Caridi,I Could Never Have Sex with Any Man Who Has So Little Regard for My Husband
Carmine Caridi,Honor Thy Father
Carmine Caridi,The Sound Sleeper
Carmine Caridi,The Gang That Couldn't Shoot Straight
Carmine Caridi,The Anderson Tapes
Carmine Caridi,Naked City
David Baker,The Godfather Part II
David Baker,Airport 1975
David Baker,Some of My Best Friends Are...
David Baker,Rawhide
Harry Dean Stanton,Young Maverick - Dead Man's Hand
Harry Dean Stanton,American Badass: A Michael Madsen Retrospective
Harry Dean Stanton,Frank and Ava
Harry Dean Stanton,"Wim Wenders, Desperado"
Harry Dean Stanton,Linda Ronstadt: The Sound of My Voice
Harry Dean Stanton,Lucky
Harry Dean Stanton,Sick Of It All
Harry Dean Stanton,Fishtail
Harry Dean Stanton,Carlos Spills the Beans
Harry Dean Stanton,9 Full Moons
Harry Dean Stanton,The Last Stand
Harry Dean Stanton,Char·ac·ter
Harry Dean Stanton,Seven Psychopaths
Harry Dean Stanton,Harry Dean Stanton: Partly Fiction
Harry Dean Stanton,The Avengers
Harry Dean Stanton,This Must Be the Place
Harry Dean Stanton,Rango
Harry Dean Stanton,Harry Dean Stanton: Crossing Mulholland
Harry Dean Stanton,Mongo Wrestling Alliance
Harry Dean Stanton,Athena
Harry Dean Stanton,On Holiday
Harry Dean Stanton,Alice
Harry Dean Stanton,The Open Road
Harry Dean Stanton,Mr. Warmth: The Don Rickles Project
Harry Dean Stanton,Being Michael Madsen
Harry Dean Stanton,Chuck
Harry Dean Stanton,Lynch 2
Harry Dean Stanton,The Good Life
Harry Dean Stanton,"Buy the Ticket, Take the Ride"
Harry Dean Stanton,Inland Empire
Harry Dean Stanton,"You, Me and Dupree"
Harry Dean Stanton,Alien Autopsy
Harry Dean Stanton,Big Love
Harry Dean Stanton,Alpha Dog
Harry Dean Stanton,Harry Zen Stanton
Harry Dean Stanton,The Wendell Baker Story
Harry Dean Stanton,Sam Peckinpah's West: Legacy of a Hollywood Renegade
Harry Dean Stanton,Chrystal
Harry Dean Stanton,The Big Bounce
Harry Dean Stanton,The Beast Within: Making 'Alien'
Harry Dean Stanton,Two and a Half Men
Harry Dean Stanton,Anger Management
Harry Dean Stanton,Ginostra
Harry Dean Stanton,Bukowski: Born Into This
Harry Dean Stanton,Hunter Goes to Hollywood
Harry Dean Stanton,Sonny
Harry Dean Stanton,The Short Films of David Lynch
Harry Dean Stanton,The Animal
Harry Dean Stanton,The Pledge
Harry Dean Stanton,The Man Who Cried
Harry Dean Stanton,Sand
Harry Dean Stanton,The Green Mile
Harry Dean Stanton,The Straight Story
Harry Dean Stanton,Stephen King: Shining in the Dark
Harry Dean Stanton,Ballad of the Nightingale
Harry Dean Stanton,A Civil Action
Harry Dean Stanton,The Mighty
Harry Dean Stanton,Fear and Loathing in Las Vegas
Harry Dean Stanton,Fire Down Below
Harry Dean Stanton,She's So Lovely
Harry Dean Stanton,Midnight Blue
Harry Dean Stanton,Playback
Harry Dean Stanton,E! True Hollywood Story
Harry Dean Stanton,Dead Man's Walk
Harry Dean Stanton,Down Periscope
Harry Dean Stanton,Never Talk to Strangers
Harry Dean Stanton,One Hundred and One Nights
Harry Dean Stanton,Blue Tiger
Harry Dean Stanton,Against the Wall
Harry Dean Stanton,Hotel Room
Harry Dean Stanton,Warren Oates: Across the Border
Harry Dean Stanton,Cruise Control
Harry Dean Stanton,Hostages
Harry Dean Stanton,Man Trouble
Harry Dean Stanton,Twin Peaks: Fire Walk with Me
Harry Dean Stanton,Payoff
Harry Dean Stanton,Wild at Heart
Harry Dean Stanton,"Motion and Emotion: The Road to 'Paris, Texas'"
Harry Dean Stanton,Motion and Emotion: The Films of Wim Wenders
Harry Dean Stanton,Twin Peaks
Harry Dean Stanton,The Fourth War
Harry Dean Stanton,Twister
Harry Dean Stanton,Dream a Little Dream
Harry Dean Stanton,Monster Maker
Harry Dean Stanton,The French as Seen by…
Harry Dean Stanton,Mr. North
Harry Dean Stanton,The Last Temptation of Christ
Harry Dean Stanton,Stars & Bars
Harry Dean Stanton,Les Gaulois
Harry Dean Stanton,The Cowboy and the Frenchman
Harry Dean Stanton,Slam Dance
Harry Dean Stanton,Rip Van Winkle
Harry Dean Stanton,Pretty in Pink
Harry Dean Stanton,Fool for Love
Harry Dean Stanton,One Magic Christmas
Harry Dean Stanton,UFOria
Harry Dean Stanton,The Care Bears Movie
Harry Dean Stanton,Terror in the Aisles
Harry Dean Stanton,"Paris, Texas"
Harry Dean Stanton,Red Dawn
Harry Dean Stanton,Repo Man
Harry Dean Stanton,The Bear
Harry Dean Stanton,Christine
Harry Dean Stanton,I Want to Live
Harry Dean Stanton,Faerie Tale Theatre
Harry Dean Stanton,Young Doctors in Love
Harry Dean Stanton,One from the Heart
Harry Dean Stanton,Escape from New York
Harry Dean Stanton,Private Benjamin
Harry Dean Stanton,The Oldest Living Graduate
Harry Dean Stanton,The Black Marble
Harry Dean Stanton,Death Watch
Harry Dean Stanton,The Rose
Harry Dean Stanton,Wise Blood
Harry Dean Stanton,Alien
Harry Dean Stanton,Flatbed Annie & Sweetie Pie: Lady Truckers
Harry Dean Stanton,Straight Time
Harry Dean Stanton,Renaldo and Clara
Harry Dean Stanton,The Missouri Breaks
Harry Dean Stanton,Laverne & Shirley
Harry Dean Stanton,The Ransom of Red Chief
Harry Dean Stanton,Saturday Night Live
Harry Dean Stanton,92 in the Shade
Harry Dean Stanton,"Farewell, My Lovely"
Harry Dean Stanton,The Fortune
Harry Dean Stanton,The Legendary Curse of the Hope Diamond
Harry Dean Stanton,Rancho Deluxe
Harry Dean Stanton,Rafferty and the Gold Dust Twins
Harry Dean Stanton,"Win, Place or Steal"
Harry Dean Stanton,The Godfather Part II
Harry Dean Stanton,Cockfighter
Harry Dean Stanton,Zandy's Bride
Harry Dean Stanton,Where the Lilies Bloom
Harry Dean Stanton,Dillinger
Harry Dean Stanton,Pat Garrett & Billy the Kid
Harry Dean Stanton,"Cry for Me, Billy"
Harry Dean Stanton,Cisco Pike
Harry Dean Stanton,Two-Lane Blacktop
Harry Dean Stanton,The Intruders
Harry Dean Stanton,Kelly's Heroes
Harry Dean Stanton,Rebel Rousers
Harry Dean Stanton,Lanton Mills
Harry Dean Stanton,The Name of the Game
Harry Dean Stanton,The Mini-Skirt Mob
Harry Dean Stanton,Day of the Evil Gun
Harry Dean Stanton,The Hostage
Harry Dean Stanton,Mannix
Harry Dean Stanton,The High Chaparral
Harry Dean Stanton,The Guns of Will Sonnett
Harry Dean Stanton,Cimarron Strip
Harry Dean Stanton,A Time for Killing
Harry Dean Stanton,Cool Hand Luke
Harry Dean Stanton,The Dangerous Days Of Kiowa Jones
Harry Dean Stanton,Ride in the Whirlwind
Harry Dean Stanton,The Big Valley
Harry Dean Stanton,Daniel Boone
Harry Dean Stanton,Petticoat Junction
Harry Dean Stanton,The Fugitive
Harry Dean Stanton,The Man from the Diners' Club
Harry Dean Stanton,Combat!
Harry Dean Stanton,Stoney Burke
Harry Dean Stanton,How the West Was Won
Harry Dean Stanton,Hero's Island
Harry Dean Stanton,Cain's Hundred
Harry Dean Stanton,The Roaring 20's
Harry Dean Stanton,The Andy Griffith Show
Harry Dean Stanton,The Adventures of Huckleberry Finn
Harry Dean Stanton,Escape to Sonoita
Harry Dean Stanton,A Dog's Best Friend
Harry Dean Stanton,The Jayhawkers!
Harry Dean Stanton,Johnny Ringo
Harry Dean Stanton,Lock-Up
Harry Dean Stanton,Laramie
Harry Dean Stanton,Bonanza
Harry Dean Stanton,Pork Chop Hill
Harry Dean Stanton,The Lawless Years
Harry Dean Stanton,Rawhide
Harry Dean Stanton,Man with a Camera
Harry Dean Stanton,Bat Masterson
Harry Dean Stanton,Westinghouse Desilu Playhouse
Harry Dean Stanton,The Rifleman
Harry Dean Stanton,The Texan
Harry Dean Stanton,The Proud Rebel
Harry Dean Stanton,The Walter Winchell File
Harry Dean Stanton,Suspicion
Harry Dean Stanton,"Have Gun, Will Travel"
Harry Dean Stanton,Revolt at Fort Laramie
Harry Dean Stanton,Tomahawk Trail
Harry Dean Stanton,The Wrong Man
Harry Dean Stanton,Dick Powell's Zane Grey Theatre
Harry Dean Stanton,Playwrights '56
Harry Dean Stanton,Alfred Hitchcock Presents
Harry Dean Stanton,Gunsmoke
Harry Dean Stanton,The Adventures of Rin Tin Tin
Harry Dean Stanton,Inner Sanctum
Fay Spain,The Godfather Part II
Fay Spain,Police Woman
Fay Spain,The Todd Killings
Fay Spain,The Man and the City
Fay Spain,Night Gallery
Fay Spain,The Naked Zoo
Fay Spain,Medical Center
Fay Spain,Mannix
Fay Spain,Welcome to Hard Times
Fay Spain,Ironside
Fay Spain,The Rat Patrol
Fay Spain,The Gentle Rain
Fay Spain,Hogan's Heroes
Fay Spain,Cordillera
Fay Spain,"Gomer Pyle, U.S.M.C."
Fay Spain,Daniel Boone
Fay Spain,Flight to Fury
Fay Spain,The Greatest Show on Earth
Fay Spain,The Fugitive
Fay Spain,Thunder Island
Fay Spain,Going My Way
Fay Spain,Stoney Burke
Fay Spain,Black Gold
Fay Spain,Ben Casey
Fay Spain,Dr. Kildare
Fay Spain,Cain's Hundred
Fay Spain,Hercules and the Captive Women
Fay Spain,Route 66
Fay Spain,The Private Lives of Adam and Eve
Fay Spain,The Detectives
Fay Spain,Hawaiian Eye
Fay Spain,Adventures in Paradise
Fay Spain,The Alaskans
Fay Spain,Riverboat
Fay Spain,Bonanza
Fay Spain,The Beat Generation
Fay Spain,Al Capone
Fay Spain,Rawhide
Fay Spain,77 Sunset Strip
Fay Spain,Bat Masterson
Fay Spain,Naked City
Fay Spain,The Texan
Fay Spain,God's Little Acre
Fay Spain,Wanted: Dead or Alive
Fay Spain,A Town Has Turned To Dust
Fay Spain,The Crooked Circle
Fay Spain,Maverick
Fay Spain,Perry Mason
Fay Spain,M Squad
Fay Spain,Teenage Doll
Fay Spain,Sugarfoot
Fay Spain,"Have Gun, Will Travel"
Fay Spain,The Abductors
Fay Spain,Dragstrip Girl
Fay Spain,Wire Service
Fay Spain,Alfred Hitchcock Presents
Fay Spain,Cheyenne
Fay Spain,Gunsmoke
Fay Spain,The Millionaire
Fay Spain,Dragnet
Fay Spain,Schlitz Playhouse of Stars
James Gounaris,The Godfather Part II
Mario Cotone,The Comfort of Strangers
Mario Cotone,Mario Puzo's The Godfather: The Complete Novel for Television
Mario Cotone,The Godfather Part II
Mario Cotone,Three
Giuseppe Sillato,The Godfather Part II
Giuseppe Sillato,The Pisciotta Case
Oreste Baldini,Le avventure di Finzy
Oreste Baldini,I Roteò e la magia dello specchio
Oreste Baldini,The Flower in His Mouth
Oreste Baldini,The Godfather Part II
Maria Carta,Disamistade
Maria Carta,I padroni dell'estate
Maria Carta,The Professor
Maria Carta,Un reietto delle isole
Maria Carta,Mario Puzo's The Godfather: The Complete Novel for Television
Maria Carta,Jesus of Nazareth
Maria Carta,Domenica In
Maria Carta,Illustrious Corpses
Maria Carta,La Cecilia
Maria Carta,The Godfather Part II
Gianni Russo,Send No Flowers
Gianni Russo,Mulberry St.
Gianni Russo,Prison Break
Gianni Russo,After the Sunset
Gianni Russo,Rush Hour 2
Gianni Russo,Harvard Man
Gianni Russo,3000 Miles to Graceland
Gianni Russo,The Family Man
Gianni Russo,Rope Art
Gianni Russo,Any Given Sunday
Gianni Russo,Pacific Palisades
Gianni Russo,Striptease
Gianni Russo,Kill Shot
Gianni Russo,Super Mario Bros.
Gianni Russo,"Walker, Texas Ranger"
Gianni Russo,The Hat Squad
Gianni Russo,Stay Tuned
Gianni Russo,Perry Mason: The Case of the Fatal Fashion
Gianni Russo,Another You
Gianni Russo,Out for Justice
Gianni Russo,The Freshman
Gianni Russo,Side Out
Gianni Russo,Hardball
Gianni Russo,Chances Are
Gianni Russo,Jake and the Fatman
Gianni Russo,Wiseguy
Gianni Russo,Hunter
Gianni Russo,The Greatest American Hero
Gianni Russo,Winter Kills
Gianni Russo,Laserblast
Gianni Russo,Mario Puzo's The Godfather: The Complete Novel for Television
Gianni Russo,The Four Deuces
Gianni Russo,Lepke
Gianni Russo,Lo sgarbo
Gianni Russo,The Godfather Part II
Gianni Russo,The Rockford Files
Gianni Russo,Kojak
Gianni Russo,Toma
Gianni Russo,The Bait
Gianni Russo,"Goodnight, My Love"
Gianni Russo,The Godfather
Tere Livrano,The Godfather Part III
Tere Livrano,Mario Puzo's The Godfather: The Complete Novel for Television
Tere Livrano,The Godfather Part II
Tere Livrano,The Godfather
Abe Vigoda,Cutaways
Abe Vigoda,The Unknown Trilogy
Abe Vigoda,Farce of the Penguins
Abe Vigoda,Crime Spree
Abe Vigoda,TV Land Awards: A Celebration of Classic TV
Abe Vigoda,Deadline
Abe Vigoda,Chump Change
Abe Vigoda,The Norm Show
Abe Vigoda,Just the Ticket
Abe Vigoda,Family Guy
Abe Vigoda,Witness to the Mob
Abe Vigoda,A Brooklyn State of Mind
Abe Vigoda,Good Burger
Abe Vigoda,Farticus
Abe Vigoda,Promised Land
Abe Vigoda,Underworld
Abe Vigoda,Love Is All There Is
Abe Vigoda,Jury Duty
Abe Vigoda,The Misery Brothers
Abe Vigoda,Touched by an Angel
Abe Vigoda,North
Abe Vigoda,Weird Science
Abe Vigoda,Sugar Hill
Abe Vigoda,Home of Angels
Abe Vigoda,Batman: Mask of the Phantasm
Abe Vigoda,Diagnosis: Murder
Abe Vigoda,Me and the Kid
Abe Vigoda,Fist of Honor
Abe Vigoda,Mad About You
Abe Vigoda,Lucky Luke
Abe Vigoda,The Adventures of the Black Stallion
Abe Vigoda,Law & Order
Abe Vigoda,Night Of 100 Stars III
Abe Vigoda,Wings
Abe Vigoda,Joe Versus the Volcano
Abe Vigoda,Keaton's Cop
Abe Vigoda,Prancer
Abe Vigoda,Look Who's Talking
Abe Vigoda,B.L. Stryker
Abe Vigoda,Monsters
Abe Vigoda,Superboy
Abe Vigoda,Plain Clothes
Abe Vigoda,Vasectomy: A Delicate Matter
Abe Vigoda,The Stuff
Abe Vigoda,Tales from the Darkside
Abe Vigoda,"Murder, She Wrote"
Abe Vigoda,Cannonball Run II
Abe Vigoda,The Big Stuffed Dog
Abe Vigoda,Harper Valley
Abe Vigoda,Gridlock
Abe Vigoda,The Littlest Hobo
Abe Vigoda,Death Car on the Freeway
Abe Vigoda,B. J. and the Bear
Abe Vigoda,Supertrain
Abe Vigoda,Sweepstakes
Abe Vigoda,Vega$
Abe Vigoda,The Comedy Company
Abe Vigoda,The Cheap Detective
Abe Vigoda,How To Pick Up Girls!
Abe Vigoda,Mario Puzo's The Godfather: The Complete Novel for Television
Abe Vigoda,The Love Boat
Abe Vigoda,Eight Is Enough
Abe Vigoda,Fish
Abe Vigoda,Dean Martin's Red Hot Scandals of 1926
Abe Vigoda,Having Babies
Abe Vigoda,The Captain and Tennille
Abe Vigoda,Joys
Abe Vigoda,The Bionic Woman
Abe Vigoda,Barney Miller
Abe Vigoda,The Godfather Part II
Abe Vigoda,Tony Orlando and Dawn
Abe Vigoda,The Rockford Files
Abe Vigoda,Newman's Law
Abe Vigoda,The Story of Pretty Boy Floyd
Abe Vigoda,Tattletales
Abe Vigoda,The Don Is Dead
Abe Vigoda,Kojak
Abe Vigoda,Toma
Abe Vigoda,The Devil's Daughter
Abe Vigoda,The Sandy Duncan Show
Abe Vigoda,The Rookies
Abe Vigoda,The Godfather
Abe Vigoda,Cannon
Abe Vigoda,Hawaii Five-O
Abe Vigoda,Mannix
Abe Vigoda,Dark Shadows
Abe Vigoda,Three Rooms in Manhattan
Abe Vigoda,Suspense
Abe Vigoda,Studio One
Joe Spinell,FantastiCozzi
Joe Spinell,The Joe Spinell Story
Joe Spinell,Thriller Zone
Joe Spinell,Rapid Fire
Joe Spinell,Married to the Mob
Joe Spinell,K.O. Kippers
Joe Spinell,Operation Warzone
Joe Spinell,The Undertaker
Joe Spinell,Deadly Illusion
Joe Spinell,The Pick-up Artist
Joe Spinell,Blood Ties
Joe Spinell,The Messenger
Joe Spinell,Mr. Robbie: Maniac II
Joe Spinell,Hollywood Harry
Joe Spinell,The Whoopee Boys
Joe Spinell,The Children of Times Square
Joe Spinell,Out of the Darkness
Joe Spinell,Walking the Edge
Joe Spinell,Trackdown: Finding the Goodbar Killer
Joe Spinell,The Last Fight
Joe Spinell,Eureka
Joe Spinell,The Big Score
Joe Spinell,Vigilante
Joe Spinell,"One Down, Two to Go"
Joe Spinell,Monsignor
Joe Spinell,Losin' It
Joe Spinell,The Last Horror Film
Joe Spinell,Night Shift
Joe Spinell,A Question of Honor
Joe Spinell,National Lampoon's Movie Madness
Joe Spinell,Portrait of a Teenage Shoplifter
Joe Spinell,Nighthawks
Joe Spinell,Maniac
Joe Spinell,The First Deadly Sin
Joe Spinell,Melvin and Howard
Joe Spinell,The Little Dragons
Joe Spinell,Brubaker
Joe Spinell,Nightside
Joe Spinell,Forbidden Zone
Joe Spinell,The Ninth Configuration
Joe Spinell,Cruising
Joe Spinell,Vampire
Joe Spinell,Rocky II
Joe Spinell,Winter Kills
Joe Spinell,Last Embrace
Joe Spinell,Starcrash
Joe Spinell,The One Man Jury
Joe Spinell,Paradise Alley
Joe Spinell,Big Wednesday
Joe Spinell,Nunzio
Joe Spinell,Mario Puzo's The Godfather: The Complete Novel for Television
Joe Spinell,Sorcerer
Joe Spinell,Rocky
Joe Spinell,Stay Hungry
Joe Spinell,Taxi Driver
Joe Spinell,"Next Stop, Greenwich Village"
Joe Spinell,The Ransom of Red Chief
Joe Spinell,92 in the Shade
Joe Spinell,"Farewell, My Lovely"
Joe Spinell,Strike Force
Joe Spinell,Rancho Deluxe
Joe Spinell,The Godfather Part II
Joe Spinell,The Seven-Ups
Joe Spinell,Cops and Robbers
Joe Spinell,The Godfather
John Aprea,Lost Angelas
John Aprea,Dark Image
John Aprea,Decker: Mindwipe
John Aprea,Decker: Unsealed
John Aprea,Decker: Unclassified
John Aprea,Stevie D
John Aprea,Sharkskin
John Aprea,Decker
John Aprea,On Cinema
John Aprea,The Christmas Pageant
John Aprea,American Heiress
John Aprea,Mystery Woman: At First Sight
John Aprea,Cold Case
John Aprea,Philly
John Aprea,Brother
John Aprea,The District
John Aprea,CSI: Crime Scene Investigation
John Aprea,The Sopranos
John Aprea,Deadly Ransom
John Aprea,Dead Man on Campus
John Aprea,The Game
John Aprea,Sunset Park
John Aprea,Pacific Blue
John Aprea,To the Limit
John Aprea,Direct Hit
John Aprea,CyberTracker
John Aprea,Saved by the Bell: The New Class
John Aprea,Renegade
John Aprea,The Hat Squad
John Aprea,Melrose Place
John Aprea,Confessions of a Male Prostitute
John Aprea,Silk Stalkings
John Aprea,New Jack City
John Aprea,Savage Beach
John Aprea,Picasso Trigger
John Aprea,Full House
John Aprea,Blood Vows: The Story of a Mafia Wife
John Aprea,American Anthem
John Aprea,Stingray
John Aprea,Street Hawk
John Aprea,Tales from the Darkside
John Aprea,The Act
John Aprea,Getting Physical
John Aprea,Night Court
John Aprea,The A-Team
John Aprea,Matt Houston
John Aprea,Comeback
John Aprea,Falcon Crest
John Aprea,Simon & Simon
John Aprea,The Fall Guy
John Aprea,Crazy Times
John Aprea,The Idolmaker
John Aprea,Knots Landing
John Aprea,Mrs. Columbo
John Aprea,A Guide for the Married Woman
John Aprea,Wonder Woman
John Aprea,The Montefuscos
John Aprea,Crazy Mama
John Aprea,The Stepford Wives
John Aprea,The Godfather Part II
John Aprea,Caged Heat
John Aprea,The Rookies
John Aprea,Sweet Kill
John Aprea,The Dark Side of Tomorrow
John Aprea,Bullitt
John Aprea,Another World
Troy Donahue,The Boys Behind the Desk
Troy Donahue,"Shake, Rattle and Roll: An American Love Story"
Troy Donahue,Legion
Troy Donahue,Merchants of Venus
Troy Donahue,Bimbo Movie Bash
Troy Donahue,Showdown
Troy Donahue,The Pamela Principle
Troy Donahue,Double Trouble
Troy Donahue,Deadly Diamonds
Troy Donahue,Shock 'Em Dead
Troy Donahue,Nudity Required
Troy Donahue,Sexpot
Troy Donahue,Omega Cop
Troy Donahue,Cry-Baby
Troy Donahue,Click: The Calendar Girl Killer
Troy Donahue,The Platinum Triangle
Troy Donahue,Hot Times at Montclair High
Troy Donahue,Dr. Alien
Troy Donahue,Assault of the Party Nerds
Troy Donahue,Terminal Force
Troy Donahue,Sounds of Silence
Troy Donahue,Blood Nasty
Troy Donahue,American Rampage
Troy Donahue,Deadly Spygames
Troy Donahue,The Chilling
Troy Donahue,Bad Blood
Troy Donahue,Monsters
Troy Donahue,Hard Rock Nightmare
Troy Donahue,Hawkeye
Troy Donahue,Deadly Prey
Troy Donahue,Hollywood Cop
Troy Donahue,The Drifting Classroom
Troy Donahue,Cyclone
Troy Donahue,Fight to Win
Troy Donahue,Low Blow
Troy Donahue,"Grandview, U.S.A."
Troy Donahue,Katy Caterpillar
Troy Donahue,"Lover, Come Back To Me"
Troy Donahue,Malibu
Troy Donahue,Tin Man
Troy Donahue,Matt Houston
Troy Donahue,Vega$
Troy Donahue,The Eddie Capra Mysteries
Troy Donahue,Mario Puzo's The Godfather: The Complete Novel for Television
Troy Donahue,Outrage
Troy Donahue,The Love Boat
Troy Donahue,CHiPs
Troy Donahue,The Legend of Frank Woods
Troy Donahue,The Hardy Boys / Nancy Drew Mysteries
Troy Donahue,Laverne & Shirley
Troy Donahue,Ellery Queen
Troy Donahue,The Godfather Part II
Troy Donahue,South Seas
Troy Donahue,Cockfighter
Troy Donahue,Seizure
Troy Donahue,Sweet Savior
Troy Donahue,The Phantom Gunslinger
Troy Donahue,The Lonely Profession
Troy Donahue,Split Second to an Epitaph
Troy Donahue,The Name of the Game
Troy Donahue,Jules Verne's Rocket to the Moon
Troy Donahue,Ironside
Troy Donahue,Come Spy with Me
Troy Donahue,My Blood Runs Cold
Troy Donahue,A Distant Trumpet
Troy Donahue,Palm Springs Weekend
Troy Donahue,The Patty Duke Show
Troy Donahue,Rome Adventure
Troy Donahue,Susan Slade
Troy Donahue,Parrish
Troy Donahue,Surfside 6
Troy Donahue,The Crowded Sky
Troy Donahue,A Summer Place
Troy Donahue,Hawaiian Eye
Troy Donahue,The Alaskans
Troy Donahue,Imitation of Life
Troy Donahue,Rawhide
Troy Donahue,Monster on the Campus
Troy Donahue,The Perfect Furlough
Troy Donahue,77 Sunset Strip
Troy Donahue,Bronco
Troy Donahue,Voice in the Mirror
Troy Donahue,Wild Heritage
Troy Donahue,This Happy Feeling
Troy Donahue,"Live Fast, Die Young"
Troy Donahue,Summer Love
Troy Donahue,The Monolith Monsters
Troy Donahue,The Tarnished Angels
Troy Donahue,Maverick
Troy Donahue,Sugarfoot
Troy Donahue,Man of a Thousand Faces
Italia Coppola,One from the Heart
Italia Coppola,The Godfather Part II
Julian Voloshin,Aladdin
Julian Voloshin,Super Fuzz
Julian Voloshin,The Godfather Part II
Julian Voloshin,Little Laura and Big John
Julian Voloshin,Birds Do It
Filomena Spagnuolo,Vigilante
Filomena Spagnuolo,The Last Horror Film
Filomena Spagnuolo,Gloria
Filomena Spagnuolo,Stardust Memories
Filomena Spagnuolo,"Next Stop, Greenwich Village"
Filomena Spagnuolo,Strike Force
Filomena Spagnuolo,The Godfather Part II
Filomena Spagnuolo,The Godfather
Jay Rasumny,Bad Boys II
Jay Rasumny,Big Trouble
Jay Rasumny,Motel Blue
Jay Rasumny,Forget Paris
Jay Rasumny,Longarm
Jay Rasumny,"Lightning, the White Stallion"
Jay Rasumny,Sledge Hammer!
Jay Rasumny,Breakin' 2: Electric Boogaloo
Jay Rasumny,Ninja III: The Domination
Jay Rasumny,Strangers Kiss
Jay Rasumny,To All a Goodnight
Jay Rasumny,The Lady in Red
Jay Rasumny,Wam Bam Thank You Spaceman
Jay Rasumny,The Godfather Part II
Jay Rasumny,Death Wish
Jay Rasumny,Serpico
Jay Rasumny,The Abductors
John Megna,The Ratings Game
John Megna,The Cannonball Run
John Megna,Smokey and the Bandit II
John Megna,Skag
John Megna,Butch and Sundance: The Early Days
John Megna,Sunnyside
John Megna,Go Tell the Spartans
John Megna,I Want to Keep My Baby!
John Megna,The Boy in the Plastic Bubble
John Megna,The Godfather Part II
John Megna,Star Trek
John Megna,Blindfold
John Megna,"Hush... Hush, Sweet Charlotte"
John Megna,To Kill a Mockingbird
John Megna,Big Deal in Laredo
John Megna,The Alfred Hitchcock Hour
Richard Matheson,The Life After Death Project
Richard Matheson,Charles Beaumont: The Short Life of Twilight Zone's Magic Man
Richard Matheson,Shadows in the Dark: The Val Lewton Legacy
Richard Matheson,The Godfather Part II
Buck Houghton,The Godfather Part II
Larry Guardino,The Lost World: Jurassic Park
Larry Guardino,Wise Guys
Larry Guardino,Firefox
Larry Guardino,The Rose
Larry Guardino,The Godfather Part II
Julie Gregg,Dead On
Julie Gregg,The Kill Reflex
Julie Gregg,Falcon Crest
Julie Gregg,Skinflint: A Country Christmas Carol
Julie Gregg,The Seekers
Julie Gregg,B. J. and the Bear
Julie Gregg,The Eddie Capra Mysteries
Julie Gregg,Mario Puzo's The Godfather: The Complete Novel for Television
Julie Gregg,The Incredible Hulk
Julie Gregg,Mobile One
Julie Gregg,Mobile Two
Julie Gregg,Baretta
Julie Gregg,The Godfather Part II
Julie Gregg,Kolchak: The Night Stalker
Julie Gregg,Kojak
Julie Gregg,Man of La Mancha
Julie Gregg,Banyon
Julie Gregg,The Godfather
Julie Gregg,Cannon
Julie Gregg,The Mod Squad
Julie Gregg,Hawaii Five-O
Julie Gregg,The Dick Cavett Show
Julie Gregg,Mannix
Julie Gregg,Ironside
Julie Gregg,Mission: Impossible
Julie Gregg,Batman
Julie Gregg,Batman
Julie Gregg,The F.B.I.
Julie Gregg,I Dream of Jeannie
Julie Gregg,Bewitched
Julie Gregg,Hell of Borneo
Julie Gregg,Vacation Playhouse
Julie Gregg,Bonanza
Julie Gregg,Gunsmoke
Victor Pujols Faneyte,La Tragedia Llenas: Código 666
Victor Pujols Faneyte,Rat Man
Victor Pujols Faneyte,The Overthrow
Victor Pujols Faneyte,The Godfather Part II
Frank Pesce,King Cohen: The Wild World of Filmmaker Larry Cohen
Frank Pesce,Creed
Frank Pesce,The Expendables 3
Frank Pesce,Reach Me
Frank Pesce,Grudge Match
Frank Pesce,The Outsider - The Cinema of Antonio Margheriti
Frank Pesce,Tower Heist
Frank Pesce,Citizen Jane
Frank Pesce,Final Approach
Frank Pesce,Jane Doe: Til Death Do Us Part
Frank Pesce,The Whole Ten Yards
Frank Pesce,The Joe Spinell Story
Frank Pesce,Double Take
Frank Pesce,Black and White
Frank Pesce,The Tony Danza Show
Frank Pesce,Night Vision
Frank Pesce,Donnie Brasco
Frank Pesce,Original Gangstas
Frank Pesce,The Cottonwood
Frank Pesce,Trapped in Paradise
Frank Pesce,Seduce Me: Pamela Principle 2
Frank Pesce,Ice
Frank Pesce,Another Midnight Run
Frank Pesce,Mirror Images II
Frank Pesce,South Beach
Frank Pesce,Maniac Cop 3: Badge of Silence
Frank Pesce,Ring of the Musketeers
Frank Pesce,The Pamela Principle
Frank Pesce,In the Shadow of a Killer
Frank Pesce,29th Street
Frank Pesce,Steel and Lace
Frank Pesce,Maniac Cop 2
Frank Pesce,Relentless
Frank Pesce,Lock Up
Frank Pesce,Hit List
Frank Pesce,The Cover Girl and the Cop
Frank Pesce,Cameron's Closet
Frank Pesce,Midnight Run
Frank Pesce,Maniac Cop
Frank Pesce,Beverly Hills Cop II
Frank Pesce,The Messenger
Frank Pesce,Hollywood Harry
Frank Pesce,Top Gun
Frank Pesce,Beverly Hills Cop
Frank Pesce,Miami Vice
Frank Pesce,Airwolf
Frank Pesce,Emergency Room
Frank Pesce,Eureka
Frank Pesce,Flashdance
Frank Pesce,The Big Score
Frank Pesce,Vigilante
Frank Pesce,Knight Rider
Frank Pesce,Young Doctors in Love
Frank Pesce,Maniac
Frank Pesce,Marilyn: The Untold Story
Frank Pesce,Defiance
Frank Pesce,American Gigolo
Frank Pesce,Killer Fish
Frank Pesce,Tilt
Frank Pesce,Paradise Alley
Frank Pesce,Rocky
Frank Pesce,The Godfather Part II
Connie Mason,Tangiers
Connie Mason,Simon & Simon
Connie Mason,Sudden Death
Connie Mason,The Godfather Part II
Connie Mason,Diamonds Are Forever
Connie Mason,Made For Each Other
Connie Mason,Lovers and Other Strangers
Connie Mason,"My Third Wife, George"
Connie Mason,Two Thousand Maniacs!
Connie Mason,Blood Feast
Gary Kurtz,Obi-Wan Kenobi: A Jedi's Return
Gary Kurtz,Remembering Return to Oz
Gary Kurtz,The Empire Strikes Door (A Star Wars Mystery)
Gary Kurtz,The Definitive History of Star Wars
Gary Kurtz,I Am Your Father
Gary Kurtz,Jodorowsky's Dune
Gary Kurtz,The People vs. George Lucas
Gary Kurtz,When Star Wars Ruled the World
Gary Kurtz,Empire of Dreams: The Story of the Star Wars Trilogy
Gary Kurtz,The World of 'The Dark Crystal'
Gary Kurtz,Star Wars: Music by John Williams
Gary Kurtz,The Making of Star Wars
Gary Kurtz,The Godfather Part II
Shô Kosugi,Ninja Assassin
Shô Kosugi,Dark Society in the East
Shô Kosugi,Wind of the Ryūkyū Islands
Shô Kosugi,Journey of Honor
Shô Kosugi,The Best of the Martial Arts Films
Shô Kosugi,Blind Fury
Shô Kosugi,Black Eagle
Shô Kosugi,Aloha Summer
Shô Kosugi,Rage of Honor
Shô Kosugi,9 Deaths of the Ninja
Shô Kosugi,Pray for Death
Shô Kosugi,The Master Ninja 5
Shô Kosugi,Ninja III: The Domination
Shô Kosugi,Master Ninja
Shô Kosugi,The Master
Shô Kosugi,Master Ninja II
Shô Kosugi,Revenge of the Ninja
Shô Kosugi,Enter the Ninja
Shô Kosugi,The Bad News Bears Go to Japan
Shô Kosugi,Bruce Lee Fights Back from the Grave
Shô Kosugi,The Godfather Part II
Sofia Coppola,Making Waves: The Art of Cinematic Sound
Sofia Coppola,Fantastic Mr. Murray
Sofia Coppola,What We Do in the Shadows
Sofia Coppola,Elvis Goes There
Sofia Coppola,Always at The Carlyle
Sofia Coppola,Revisiting The Virgin Suicides
Sofia Coppola,The Family Whistle
Sofia Coppola,Sunset Strip
Sofia Coppola,Making Somewhere
Sofia Coppola,La Traversée du désir
Sofia Coppola,40 x 15: The Forty Years of the Directors' Fortnight
Sofia Coppola,Fog City Mavericks
Sofia Coppola,The Making of Marie Antoinette
Sofia Coppola,Marc Jacobs & Louis Vuitton
Sofia Coppola,Cut Shorts
Sofia Coppola,Beastie Boys Solid Gold Hits
Sofia Coppola,Lost on Location: Behind the Scenes of 'Lost in Translation'
Sofia Coppola,The Work of Director Spike Jonze
Sofia Coppola,CQ
Sofia Coppola,The Making of The Virgin Suicides
Sofia Coppola,Beastie Boys: Video Anthology
Sofia Coppola,Star Wars: Episode I - The Phantom Menace
Sofia Coppola,Torrance Rises
Sofia Coppola,Ciao L.A.
Sofia Coppola,Changing Fashions
Sofia Coppola,Inside Monkey Zetterland
Sofia Coppola,Hearts of Darkness: A Filmmaker's Apocalypse
Sofia Coppola,The Godfather Part III
Sofia Coppola,The Spirit of '76
Sofia Coppola,'The Godfather' Family: A Look Inside
Sofia Coppola,Tucker: The Man and His Dream
Sofia Coppola,Anna
Sofia Coppola,Rip Van Winkle
Sofia Coppola,Peggy Sue Got Married
Sofia Coppola,The Princess Who Had Never Laughed
Sofia Coppola,The Cotton Club
Sofia Coppola,Frankenweenie
Sofia Coppola,Rumble Fish
Sofia Coppola,The Outsiders
Sofia Coppola,Faerie Tale Theatre
Sofia Coppola,The Godfather Part II
Sofia Coppola,The Godfather
Sofia Coppola,The Oscars
Roman Coppola,Isle of Dogs
Roman Coppola,The Family Whistle
Roman Coppola,Practical Magicians: A Collaboration Between Father and Son
Roman Coppola,Fight for Your Right Revisited
Roman Coppola,Fantastic Mr. Fox
Roman Coppola,Method and Madness: Visualizing 'Dracula'
Roman Coppola,In Camera: The Naïve Visual Effects of 'Bram Stoker's Dracula'
Roman Coppola,Danger: Diabolik - From Fumetti to Film
Roman Coppola,Mario Bava: Operazione paura
Roman Coppola,Lost on Location: Behind the Scenes of 'Lost in Translation'
Roman Coppola,The Making of The Virgin Suicides
Roman Coppola,Star Wars: Episode I - The Phantom Menace
Roman Coppola,Torrance Rises
Roman Coppola,"Bed, Bath and Beyond"
Roman Coppola,Hearts of Darkness: A Filmmaker's Apocalypse
Roman Coppola,The Godfather Part II
Roman Coppola,The Godfather
Roman Coppola,You're a Big Boy Now
James Caan,Acre Beyond the Rye
James Caan,Fast Charlie
James Caan,Becoming Al Pacino
James Caan,Secrets of Playboy
James Caan,Queen Bees
James Caan,The Holiday Movies That Made Us
James Caan,JL Family Ranch: The Wedding Gift
James Caan,It Takes a Lunatic
James Caan,Out of Blue
James Caan,Con Man
James Caan,Good Enough
James Caan,Undercover Grandpa
James Caan,Holy Lands
James Caan,The Red Maple Leaf
James Caan,The Good Neighbor
James Caan,JL Family Ranch
James Caan,The American West
James Caan,Sicilian Vampire
James Caan,Wuthering High
James Caan,The Throwaways
James Caan,Marlon Brando: An Actor Named Desire
James Caan,Preggoland
James Caan,Altman
James Caan,A Fighting Man
James Caan,The Outsider
James Caan,And the Oscar Goes To...
James Caan,Cloudy with a Chance of Meatballs 2
James Caan,Back in the Game
James Caan,Blood Ties
James Caan,Seduced and Abandoned
James Caan,The Godfather Legacy
James Caan,That's My Boy
James Caan,For the Love of Money
James Caan,Small Apartments
James Caan,Detachment
James Caan,D'un film à l'autre
James Caan,His Way
James Caan,Hawaii Five-0
James Caan,Henry's Crime
James Caan,"Family Guy Presents: Something, Something, Something, Dark Side"
James Caan,Mercy
James Caan,Cloudy with a Chance of Meatballs
James Caan,Middle Men
James Caan,The Making of 'Bottle Rocket'
James Caan,"New York, I Love You"
James Caan,Get Smart
James Caan,Wisegal
James Caan,Mr. Warmth: The Don Rickles Project
James Caan,The Godfather and the Mob
James Caan,Gangland: Bullets over Hollywood
James Caan,Santa's Slay
James Caan,This Thing of Ours
James Caan,Willie Nelson & Friends: Outlaws & Angels
James Caan,The Incredible Mrs. Ritchie
James Caan,Elf
James Caan,Las Vegas
James Caan,Dogville
James Caan,Jericho Mansions
James Caan,Misery Loves Company
James Caan,Blood Crime
James Caan,City of Ghosts
James Caan,Night at the Golden Eagle
James Caan,Crossing Jordan
James Caan,Dead Simple
James Caan,In the Shadows
James Caan,Warden of Red Rock
James Caan,Playboy Mansion Parties Uncensored
James Caan,A Glimpse of Hell
James Caan,The Way of the Gun
James Caan,Luckytown
James Caan,The Yards
James Caan,Mickey Blue Eyes
James Caan,The Making of a Mobster: 'Mickey Blue Eyes'
James Caan,This Is My Father
James Caan,Family Guy
James Caan,Poodle Springs
James Caan,Howard Hawks: American Artist
James Caan,Bulletproof
James Caan,Eraser
James Caan,The Rosie O'Donnell Show
James Caan,A Boy Called Hate
James Caan,Bottle Rocket
James Caan,North Star
James Caan,NewsRadio
James Caan,Inside the Actors Studio
James Caan,Flesh and Bone
James Caan,The Program
James Caan,Harley-Davidson: The American Motorcycle
James Caan,The Godfather Trilogy: 1901-1980
James Caan,Earth and the American Dream
James Caan,Honeymoon in Vegas
James Caan,The Please Watch the Jon Lovitz Special
James Caan,For the Boys
James Caan,The Dark Backward
James Caan,Misery
James Caan,'The Godfather' Family: A Look Inside
James Caan,Dick Tracy
James Caan,The Simpsons
James Caan,Alien Nation
James Caan,Gardens of Stone
James Caan,Dorothy Stratten: The Untold Story
James Caan,Kiss Me Goodbye
James Caan,Night of 100 Stars
James Caan,Bolero: Dance of Life
James Caan,Thief
James Caan,Hide in Plain Sight
James Caan,1941
James Caan,Chapter Two
James Caan,Playboy's Roller Disco & Pajama Party
James Caan,Comes a Horseman
James Caan,Mario Puzo's The Godfather: The Complete Novel for Television
James Caan,"Another Man, Another Chance"
James Caan,A Bridge Too Far
James Caan,Silent Movie
James Caan,Harry and Walter Go to New York
James Caan,The Killer Elite
James Caan,Rickles
James Caan,Gone with the West
James Caan,Rollerball
James Caan,Funny Lady
James Caan,Funny Girl to Funny Lady
James Caan,From Rome to Rollerball: The Full Circle
James Caan,Freebie and the Bean
James Caan,The Godfather Part II
James Caan,The Gambler
James Caan,Cinderella Liberty
James Caan,Slither
James Caan,The Godfather
James Caan,Brian's Song
James Caan,T.R. Baskin
James Caan,"Rabbit, Run"
James Caan,The Rain People
James Caan,Submarine X-1
James Caan,Filmmaker
James Caan,Journey to Shiloh
James Caan,Games
James Caan,Rowan & Martin's Laugh-In
James Caan,Countdown
James Caan,El Dorado
James Caan,Red Line 7000
James Caan,The F.B.I.
James Caan,Get Smart
James Caan,The Glory Guys
James Caan,Lady in a Cage
James Caan,Kraft Suspense Theatre
James Caan,Irma la Douce
James Caan,Combat!
James Caan,The Tonight Show Starring Johnny Carson
James Caan,The Alfred Hitchcock Hour
James Caan,The Wide Country
James Caan,Ben Casey
James Caan,Dr. Kildare
James Caan,Route 66
James Caan,Naked City
